USE cooperacion_desarrollo;

-- =====================================================================
-- 1. LIMPIEZA AUTOMÁTICA DE DATOS VIEJOS
-- =====================================================================
SET FOREIGN_KEY_CHECKS = 0;
TRUNCATE TABLE programas_evaluaciones;
TRUNCATE TABLE programas_financiamientos;
TRUNCATE TABLE programas_categorias;
TRUNCATE TABLE programas_organizaciones;
TRUNCATE TABLE evaluaciones;
TRUNCATE TABLE financiamientos;
TRUNCATE TABLE programas;
TRUNCATE TABLE organizaciones;
TRUNCATE TABLE categorias;
TRUNCATE TABLE paises;
SET FOREIGN_KEY_CHECKS = 1;

-- =====================================================================
-- 2. INSERCIÓN DE PAÍSES (43 países únicos identificados en tus Excels)
-- =====================================================================
INSERT INTO paises (codigo, nombre, continente, region, lat, lng_centro) VALUES
                                                                             ('GTM','Guatemala','América','Centroamérica',15.7834710,-90.2307589),
                                                                             ('ESP','España','Europa','Europa Occidental',40.4636670,-3.7492200),
                                                                             ('MEX','México','América','Norteamérica',23.6345010,-102.5527840),
                                                                             ('COL','Colombia','América','Sudamérica',4.5708680,-74.2973330),
                                                                             ('PER','Perú','América','Sudamérica',-9.1899670,-75.0151520),
                                                                             ('BGD','Bangladés','Asia','Asia del Sur',23.6849940,90.3563310),
                                                                             ('VNM','Vietnam','Asia','Sudeste Asiático',14.0583240,108.2771990),
                                                                             ('NGA','Nigeria','África','África Occidental',9.0820000,8.6753000),
                                                                             ('KEN','Kenia','África','África Oriental',-0.0235590,37.9061930),
                                                                             ('ETH','Etiopía','África','Cuerno de África',9.1450000,40.4896730),
                                                                             ('MOZ','Mozambique','África','África Oriental',-18.6656950,35.5295620),
                                                                             ('HTI','Haití','América','Caribe',18.9711870,-72.2852150),
                                                                             ('PHL','Filipinas','Asia','Sudeste Asiático',12.8797210,121.7740170),
                                                                             ('FJI','Fiyi','Oceanía','Melanesia',-16.5781930,179.4144130),
                                                                             ('DEU','Alemania','Europa','Europa Central',51.1656910,10.4515260),
                                                                             ('JPN','Japón','Asia','Asia Oriental',36.2048240,138.2529240),
                                                                             ('CAN','Canadá','América','Norteamérica',56.1303660,-106.3467710),
                                                                             ('USA','Estados Unidos','América','Norteamérica',37.0902400,-95.7128910),
                                                                             ('BOL','Bolivia','América','Sudamérica',-16.2901540,-63.5886530),
                                                                             ('PRY','Paraguay','América','Sudamérica',-23.4425030,-58.4438320),
                                                                             ('BRA','Brasil','América','Sudamérica',-14.2350040,-51.9252800),
                                                                             ('UKR','Ucrania','Europa','Europa Oriental',48.3794330,31.1655800),
                                                                             ('RWA','Ruanda','África','África Oriental',-1.9402780,29.8738880),
                                                                             ('KOR','Corea del Sur','Asia','Asia Oriental',35.9077570,127.7669220),
                                                                             ('NLD','Países Bajos','Europa','Europa Occidental',52.1326330,5.2912660),
                                                                             ('JOR','Jordania','Asia','Medio Oriente',31.2456450,36.5160100),
                                                                             ('ZAF','Sudáfrica','África','África Austral',-30.5594820,22.9375060),
                                                                             ('AFG','Afganistán','Asia','Asia del Sur',33.9391100,67.7099530),
                                                                             ('AGO','Angola','África','África Central',-11.2026920,17.8738870),
                                                                             ('ARG','Argentina','América','Sudamérica',-38.4160970,-63.6166720),
                                                                             ('CHL','Chile','América','Sudamérica',-35.6751470,-71.5429690),
                                                                             ('ECU','Ecuador','América','Sudamérica',-1.8312390,-78.1834060),
                                                                             ('EGY','Egipto','África','África del Norte',26.8205530,30.8024980),
                                                                             ('GHA','Ghana','África','África Occidental',7.9465270,-1.0231940),
                                                                             ('HND','Honduras','América','Centroamérica',15.1999990,-86.2419050),
                                                                             ('IDN','Indonesia','Asia','Sudeste Asiático',-0.7892750,113.9213270),
                                                                             ('IND','India','Asia','Asia del Sur',20.5936840,78.9628800),
                                                                             ('MAR','Marruecos','África','África del Norte',31.7917020,-7.0926200),
                                                                             ('NPL','Nepal','Asia','Asia del Sur',28.3948570,84.1240080),
                                                                             ('PAK','Pakistán','Asia','Asia del Sur',30.3753210,69.3451160),
                                                                             ('SEN','Senegal','África','África Occidental',14.4974010,-14.4523620),
                                                                             ('SLV','El Salvador','América','Centroamérica',13.7941850,-88.8965300),
                                                                             ('TUN','Túnez','África','África del Norte',33.8869170,9.5374990);

-- =====================================================================
-- 3. INSERCIÓN DE CATEGORÍAS
-- =====================================================================
INSERT INTO categorias (id, nombre, descripcion, icono) VALUES
                                                            (1, 'Educación','Programas de acceso, calidad y formación educativa.','graduation-cap'),
                                                            (2, 'Salud','Iniciativas de salud pública, atención médica y nutrición.','heart-pulse'),
                                                            (3, 'Infraestructura','Proyectos de construcción de infraestructura básica.','building'),
                                                            (4, 'Medio ambiente','Conservación, sostenibilidad y cambio climático.','leaf'),
                                                            (5, 'Gobernanza','Fortalecimiento institucional y democrático.','landmark'),
                                                            (6, 'Desarrollo económico','Crecimiento inclusivo, empleo y emprendimiento.','briefcase'),
                                                            (7, 'Ayuda humanitaria','Asistencia de emergencia y protección civil.','hand-holding-heart'),
                                                            (8, 'Derechos humanos','Promoción y protección de derechos fundamentales.','scale'),
                                                            (9, 'Tecnología','Innovación, conectividad y transformación digital.','cpu'),
                                                            (10, 'Agricultura','Seguridad alimentaria y desarrollo rural.','wheat'),
                                                            (11, 'Energía Renovable','Sostenibilidad energética y transición limpia.','sun');

-- =====================================================================
-- 4. INSERCIÓN DE ORGANIZACIONES (32 organizaciones mapeadas)
-- =====================================================================
INSERT INTO organizaciones (id, nombre, tipo, pais_sede, sitio_web) VALUES
                                                                        (1, 'AECID','gubernamental','España','https://www.aecid.es'),
                                                                        (2, 'GIZ','gubernamental','Alemania','https://www.giz.de'),
                                                                        (3, 'USAID','gubernamental','Estados Unidos','https://www.usaid.gov'),
                                                                        (4, 'UNESCO','multilateral','Francia','https://www.unesco.org'),
                                                                        (5, 'UNICEF','multilateral','Estados Unidos','https://www.unicef.org'),
                                                                        (6, 'OMS','multilateral','Suiza','https://www.who.int'),
                                                                        (7, 'Banco Mundial','multilateral','Estados Unidos','https://www.bancomundial.org'),
                                                                        (8, 'PNUD','multilateral','Estados Unidos','https://www.undp.org'),
                                                                        (9, 'FAO','multilateral','Italia','https://www.fao.org'),
                                                                        (10, 'Oxfam','ong','Reino Unido','https://www.oxfam.org'),
                                                                        (11, 'Cruz Roja','ong','Suiza','https://www.icrc.org'),
                                                                        (12, 'Fundación AVINA','ong','Costa Rica','https://www.avina.net'),
                                                                        (13, 'Microsoft Philanthropies','privada','Estados Unidos','https://www.microsoft.com/philanthropies'),
                                                                        (14, 'Fundación Bill y Melinda Gates','privada','Estados Unidos','https://www.gatesfoundation.org'),
                                                                        (15, 'Unión Europea','multilateral','Bélgica','https://european-union.europa.eu'),
                                                                        (16, 'Banco Africano de Desarrollo','multilateral','Costa de Marfil','https://www.afdb.org'),
                                                                        (17, 'Médicos Sin Fronteras','ong','Suiza','https://www.msf.org'),
                                                                        (18, 'WWF','ong','Suiza','https://www.worldwildlife.org'),
                                                                        (19, 'JICA','gubernamental','Japón','https://www.jica.go.jp'),
                                                                        (20, 'KOICA','gubernamental','Corea del Sur','https://www.koica.go.kr'),
                                                                        (21, 'PMA','multilateral','Italia','https://www.wfp.org'),
                                                                        (22, 'ACNUR','multilateral','Suiza','https://www.unhcr.org'),
                                                                        (23, 'Save the Children','ong','Reino Unido','https://www.savethechildren.net'),
                                                                        (24, 'BID','multilateral','Estados Unidos','https://www.iadb.org'),
                                                                        (25, 'AFD','gubernamental','Francia','https://www.afd.fr'),
                                                                        (26, 'DFID','gubernamental','Reino Unido','https://www.gov.uk/government/organisations/department-for-international-development'),
                                                                        (27, 'Sida','gubernamental','Suecia','https://www.sida.se'),
                                                                        (28, 'NORAD','gubernamental','Noruega','https://www.norad.no'),
                                                                        (29, 'Caritas Internationalis','ong','Vaticano','https://www.caritas.org'),
                                                                        (30, 'World Vision','ong','Estados Unidos','https://www.wvi.org'),
                                                                        (31, 'CARE International','ong','Suiza','https://www.care-international.org'),
                                                                        (32, 'Fondo Verde para el Clima','multilateral','Corea del Sur','https://www.greenclimate.fund');

-- =====================================================================
-- 5. INSERCIÓN MASIVA DE PROGRAMAS (74 registros limpios de duplicados)
-- =====================================================================
INSERT INTO programas (id, nombre, descripcion, pais_beneficiario, pais_creador, tipo_alcance, lat, lng, fecha_inicio, estado) VALUES
                                                                                                                                   (1, 'Iniciativa Spotlight', 'Programa global enfocado en eliminar todas las formas de violencia contra las mujeres y las niñas.', 'Nigeria', 'Estados Unidos', 'internacional', 9.0820000, 8.6753000, '2019-01-15', 'activo'),
                                                                                                                                   (2, 'Hidroeléctrica Rusumo', 'Proyecto regional de generación de energía hidroeléctrica limpia para beneficiar comunidades de África Oriental.', 'Ruanda', 'Estados Unidos', 'internacional', -1.9402780, 29.8738880, '2017-03-30', 'activo'),
                                                                                                                                   (3, 'Seguridad Alimentaria Sahel', 'Respuesta técnica de emergencia frente a las sequías y el desabastecimiento nutricional.', 'Etiopía', 'Alemania', 'internacional', 9.1450000, 40.4896730, '2021-05-12', 'activo'),
                                                                                                                                   (4, 'Luz para Todos Bolivia', 'Instalación de paneles solares fotovoltaicos en viviendas aisladas del área rural.', 'Bolivia', 'España', 'nacional', -16.2901540, -63.5886530, '2018-08-20', 'finalizado'),
                                                                                                                                   (5, 'Conservación Gran Chaco', 'Estrategia territorial ambiental para reducir la deforestación y proteger la biodiversidad nativa.', 'Paraguay', 'Alemania', 'nacional', -23.4425030, -58.4438320, '2020-02-10', 'activo'),
                                                                                                                                   (6, 'Proyecto KIRIWATSAN', 'Mejora integral del sistema de saneamiento ecológico y distribución de agua en comunidades amazónicas.', 'Perú', 'Alemania', 'nacional', -9.1899670, -75.0151520, '2019-11-14', 'activo'),
                                                                                                                                   (7, 'Educación Rural en Guatemala', 'Mejora del acceso a educación de calidad en comunidades rurales mayas, con enfoque bilingüe.', 'Guatemala', 'España', 'nacional', 15.7834710, -90.2307589, '2022-03-15', 'activo'),
                                                                                                                                   (8, 'Nutrición Infantil en Bangladés', 'Programa de suplementación alimentaria y educación nutricional para menores de 5 años.', 'Bangladés', 'Canadá', 'internacional', 23.6849940, 90.3563310, '2021-09-01', 'activo'),
                                                                                                                                   (9, 'Agua Potable en Mozambique', 'Construcción de pozos y sistemas de saneamiento en comunidades rurales.', 'Mozambique', 'Alemania', 'nacional', -18.6656950, 35.5295620, '2020-06-20', 'activo'),
                                                                                                                                   (10, 'Energía Solar en Fiyi', 'Instalación de microrredes solares en islas remotas para mitigar el uso de combustibles fósiles.', 'Fiyi', 'Japón', 'internacional', -16.5781930, 179.4144130, '2023-01-10', 'activo'),
                                                                                                                                   (11, 'Empoderamiento de Mujeres en Colombia', 'Capacitación técnica, microcréditos y redes de apoyo para mujeres rurales víctimas del conflicto.', 'Colombia', 'España', 'nacional', 4.5708680, -74.2973330, '2019-04-12', 'activo'),
                                                                                                                                   (12, 'Mecanismo Protección Civil Ucrania', 'Apoyo logístico de emergencia y distribución urgente de asistencia humanitaria médica y civil.', 'Ukranio', 'España', 'internacional', 48.3794330, 31.1655800, '2022-03-01', 'activo'),
                                                                                                                                   (13, 'Reconstrucción Post-Huracán en Haití', 'Asistencia de emergencia y reconstrucción habitacional tras desastres climáticos.', 'Haití', 'Canadá', 'internacional', 18.9711870, -72.2852150, '2023-11-04', 'planificado'),
                                                                                                                                   (14, 'Agricultura Climática en Kenia', 'Formación a pequeños agricultores en técnicas de agricultura resiliente al cambio climático.', 'Kenia', 'Países Bajos', 'nacional', -0.0235590, 37.9061930, '2021-02-22', 'activo'),
                                                                                                                                   (15, 'Gestión de Refugiados en Jordania', 'Soporte humanitario e integración económica de refugiados en comunidades de acogida.', 'Jordania', 'Estados Unidos', 'internacional', 31.2456450, 36.5160100, '2016-05-18', 'activo'),
                                                                                                                                   (16, 'Desarrollo Tecnológico en Sudáfrica', 'Capacitación digital avanzada y despliegue de conectividad de banda ancha en escuelas urbanas marginadas.', 'ZAF', 'Estados Unidos', 'internacional', -30.5594820, 22.9375060, '2021-10-05', 'activo'),
                                                                                                                                   (17, 'Fortalecimiento Institucional El Salvador', 'Modernización de los sistemas de auditoría pública y transparencia gubernamental.', 'El Salvador', 'España', 'nacional', 13.7941850, -88.8965300, '2020-05-14', 'activo'),
                                                                                                                                   (18, 'Desarrollo Agrícola Sostenible en Vietnam', 'Introducción de tecnologías de riego inteligente y semillas de alta resistencia al cambio climático.', 'Vietnam', 'Japón', 'nacional', 14.0583240, 108.2771990, '2019-08-11', 'activo'),
                                                                                                                                   (19, 'Salud Materna e Infantil en Afganistán', 'Construcción y equipamiento de clínicas comunitarias móviles en zonas de difícil acceso de montaña.', 'Afganistán', 'Alemania', 'internacional', 33.9391100, 67.7099530, '2021-01-20', 'activo'),
                                                                                                                                   (20, 'Acceso a la Justicia en Honduras', 'Capacitación y asesoría legal gratuita orientada a la protección de los derechos de pueblos indígenas.', 'Honduras', 'España', 'nacional', 15.1999990, -86.2419050, '2018-09-15', 'finalizado'),
                                                                                                                                   (21, 'Apoyo Educativo a Niñas en Ghana', 'Otorgamiento de becas de permanencia escolar y mejora de infraestructura sanitaria en escuelas secundarias.', 'Ghana', 'Canadá', 'internacional', 7.9465270, -1.0231940, '2020-10-01', 'activo'),
                                                                                                                                   (22, 'Prevención de Violencia en México', 'Iniciativas artísticas, culturales y deportivas orientadas a la reinserción social de jóvenes en riesgo.', 'México', 'Estados Unidos', 'nacional', 23.6345010, -102.5527840, '2017-04-05', 'finalizado'),
                                                                                                                                   (23, 'Saneamiento Ambiental en Ecuador', 'Desarrollo de plantas comunitarias de tratamiento de aguas residuales en la cuenca alta del río Guayas.', 'Ecuador', 'Francia', 'nacional', -1.8312390, -78.1834060, '2021-07-19', 'activo'),
                                                                                                                                   (24, 'Modernización del Empleo en Túnez', 'Programas acelerados de formación técnica y apoyo financiero directo a micro-emprendimientos tecnológicos.', 'Túnez', 'Alemania', 'nacional', 33.8869170, 9.5374990, '2019-11-02', 'activo'),
                                                                                                                                   (25, 'Protección de Ecosistemas Marinos en Indonesia', 'Creación y patrullaje de áreas marinas protegidas gestionadas por comunidades locales de pescadores.', 'Indonesia', 'Estados Unidos', 'internacional', -0.7892750, 113.9213270, '2020-03-14', 'activo'),
                                                                                                                                   (26, 'Educación Digital en Perú', 'Suministro de dispositivos electrónicos y contenido pedagógico offline para escuelas de la sierra peruana.', 'Perú', 'España', 'nacional', -9.1899670, -75.0151520, '2021-02-15', 'activo'),
                                                                                                                                   (27, 'Microfinanzas Rurales en la India', 'Acceso a líneas de crédito blandas y esquemas de ahorro cooperativo dirigidos exclusivamente a mujeres.', 'India', 'Reino Unido', 'internacional', 20.5936840, 78.9628800, '2016-11-12', 'activo'),
                                                                                                                                   (28, 'Gestión del Agua en Marruecos', 'Instalación de modernos sistemas de riego por goteo optimizados para combatir la desertificación severa.', 'Marruecos', 'Francia', 'nacional', 31.7917020, -7.0926200, '2018-05-30', 'activo'),
                                                                                                                                   (29, 'Desarrollo Comunitario en Nepal', 'Reconstrucción resiliente ante sismos de viviendas, escuelas y centros de salud de la montaña.', 'Nepal', 'Japón', 'internacional', 28.3948570, 84.1240080, '2015-09-01', 'finalizado'),
                                                                                                                                   (30, 'Salud Comunitaria en Angola', 'Campañas intensivas de vacunación, distribución de mosquiteros y tratamiento temprano contra la malaria.', 'Angola', 'Estados Unidos', 'internacional', -11.2026920, 17.8738870, '2019-06-25', 'activo'),
                                                                                                                                   (31, 'Formación Profesional en Senegal', 'Acondicionamiento y modernización técnica de talleres de carpintería, mecánica y soldadura.', 'Senegal', 'Francia', 'nacional', 14.4974010, -14.4523620, '2020-01-10', 'activo'),
                                                                                                                                   (32, 'Gobernanza Local en Colombia', 'Capacitación a líderes comunitarios y funcionarios locales en formulación participativa de presupuestos.', 'Colombia', 'Alemania', 'nacional', 4.5708680, -74.2973330, '2021-04-01', 'activo'),
                                                                                                                                   (33, 'Energías Limpias en Filipinas', 'Construcción y acoplamiento de pequeñas centrales minihidráulicas en comunidades de montaña aisladas.', 'Filipinas', 'Japón', 'internacional', 12.8797210, 121.7740170, '2018-10-18', 'finalizado'),
                                                                                                                                   (34, 'Inclusión Financiera en Pakistán', 'Despliegue y masificación de billeteras móviles y educación financiera básica para el sector informal.', 'Pakistán', 'Reino Unido', 'internacional', 30.3753210, 69.3451160, '2017-07-22', 'activo'),
                                                                                                                                   (35, 'Conservación de Cuencas en Guatemala', 'Reforestación intensiva de laderas altas para mitigar los deslaves y proteger las fuentes de agua.', 'Guatemala', 'Alemania', 'nacional', 15.7834710, -90.2307589, '2019-03-12', 'activo'),
                                                                                                                                   (36, 'Combate a la Desnutrición en Níger', 'Distribución de alimentos terapéuticos listos para el consumo humano y control de peso infantil.', 'Etiopía', 'Estados Unidos', 'internacional', 9.1450000, 40.4896730, '2020-08-01', 'activo'),
                                                                                                                                   (37, 'Fortalecimiento Electoral en Madagascar', 'Asistencia técnica e informática en padrones, logística y capacitación para elecciones transparentes.', 'Madagascar', 'Unión Europea', 'internacional', -18.7669470, 46.8691070, '2018-02-15', 'finalizado'),
                                                                                                                                   (38, 'Agua Segura en El Salvador', 'Construcción y ampliación de acueductos comunitarios autogestionados por juntas de agua locales.', 'El Salvador', 'España', 'nacional', 13.7941850, -88.8965300, '2021-06-01', 'activo'),
                                                                                                                                   (39, 'Sostenibilidad Pesquera en Vietnam', 'Adopción guiada de prácticas de acuicultura certificadas libres de destrucción de manglares costeros.', 'Vietnam', 'Países Bajos', 'nacional', 14.0583240, 108.2771990, '2020-09-20', 'activo'),
                                                                                                                                   (40, 'Educación Intercultural en Bolivia', 'Edición y distribución de materiales educativos bilingües oficiales en lenguas aymara y quechua.', 'Bolivia', 'España', 'nacional', -16.2901540, -63.5886530, '2017-02-10', 'finalizado'),
                                                                                                                                   (41, 'Protección Social en Argentina', 'Asistencia técnica institucional para el diseño informático de registros unificados de beneficiarios sociales.', 'Argentina', 'Alemania', 'nacional', -38.4160970, -63.6166720, '2021-11-01', 'activo'),
                                                                                                                                   (42, 'Desarrollo Apícola en Honduras', 'Equipamiento de centros de acopio y certificación orgánica para exportación de miel de abejas.', 'Honduras', 'España', 'nacional', 15.1999990, -86.2419050, '2019-05-18', 'activo'),
                                                                                                                                   (43, 'Gestión de Residuos en Chile', 'Programas municipales piloto para la separación de residuos orgánicos y compostaje a gran escala.', 'Chile', 'Alemania', 'nacional', -35.6751470, -71.5429690, '2020-08-22', 'activo'),
                                                                                                                                   (44, 'Salud Ocular en Bangladés', 'Campañas masivas de cirugías gratuitas de cataratas y distribución guiada de anteojos recetados.', 'Bangladés', 'Estados Unidos', 'internacional', 23.6849940, 90.3563310, '2018-03-10', 'finalizado'),
                                                                                                                                   (45, 'Turismo Comunitario en el Perú', 'Capacitación en hospitalidad y acondicionamiento de albergues familiares en comunidades andinas.', 'Perú', 'España', 'nacional', -9.1899670, -75.0151520, '2019-06-01', 'activo'),
                                                                                                                                   (46, 'Energía de Biogás en Kenia', 'Instalación de biodigestores familiares en pequeñas fincas ganaderas para la obtención de gas limpio.', 'Kenia', 'Alemania', 'nacional', -0.0235590, 37.9061930, '2021-02-15', 'activo'),
                                                                                                                                   (47, 'Derechos de la Infancia en México', 'Monitoreo, capacitación legal y combate directo al trabajo infantil en el sector agropecuario del sur.', 'México', 'Canadá', 'internacional', 23.6345010, -102.5527840, '2020-10-12', 'activo'),
                                                                                                                                   (48, 'Infraestructura Escolar en Haití', 'Reconstrucción estructural antisísmica de aulas escolares destruidas en la península sur.', 'Haití', 'Francia', 'internacional', 18.9711870, -72.2852150, '2022-01-20', 'activo'),
                                                                                                                                   (49, 'Modernización Agrícola en Colombia', 'Acceso a plataformas digitales meteorológicas y capacitación técnica en fertilización inteligente.', 'Colombia', 'Estados Unidos', 'nacional', 4.5708680, -74.2973330, '2018-11-04', 'finalizado'),
                                                                                                                                   (50, 'Conservación del Jaguar en Brasil', 'Monitoreo satelital y corredores biológicos seguros en predios ganaderos del Pantanal.', 'Brasil', 'Estados Unidos', 'internacional', -14.2350040, -51.9252800, '2019-07-15', 'activo'),
                                                                                                                                   (51, 'Resiliencia Urbana en Filipinas', 'Construcción y adecuación de refugios comunitarios flotantes contra tifones en zonas costeras bajas.', 'Filipinas', 'Alemania', 'internacional', 12.8797210, 121.7740170, '2021-05-18', 'activo'),
                                                                                                                                   (52, 'Educación en Ciencia y Tecnología en la India', 'Equipamiento de laboratorios STEM interactivos en escuelas públicas de zonas suburbanas vulnerables.', 'India', 'Estados Unidos', 'internacional', 20.5936840, 78.9628800, '2022-02-10', 'activo'),
                                                                                                                                   (53, 'Prevención del VIH en Mozambique', 'Distribución de antivirales, talleres informativos y clínicas confidenciales de pruebas rápidas.', 'Mozambique', 'Estados Unidos', 'internacional', -18.6656950, 35.5295620, '2017-09-01', 'finalizado'),
                                                                                                                                   (54, 'Gobernanza del Agua en el Ecuador', 'Fortalecimiento de los comités de cuencas de ríos compartidos y medición automatizada del caudal.', 'Ecuador', 'España', 'nacional', -1.8312390, -78.1834060, '2020-04-12', 'activo'),
                                                                                                                                   (55, 'Empoderamiento Digital de Mujeres en Ghana', 'Cursos certificados en programación, marketing digital y finanzas digitales para jóvenes graduadas.', 'Ghana', 'Alemania', 'nacional', 7.9465270, -1.0231940, '2021-08-25', 'activo'),
                                                                                                                                   (56, 'Restauración del Suelo en Etiopía', 'Técnicas agrícolas de terrazas y reforestación nativa para recuperar terrenos áridos erosionados.', 'Etiopía', 'Países Bajos', 'nacional', 9.1450000, 40.4896730, '2019-03-22', 'activo'),
                                                                                                                                   (57, 'Acceso a Medicamentos en Nepal', 'Optimización informática de la cadena logística de distribución de medicinas esenciales.', 'Nepal', 'Reino Unido', 'internacional', 28.3948570, 84.1240080, '2018-06-14', 'activo'),
                                                                                                                                   (58, 'Derechos de los Migrantes en Marruecos', 'Centros integrales de atención legal, médica y psicológica para migrantes de tránsito.', 'Marruecos', 'Unión Europea', 'internacional', 31.7917020, -7.0926200, '2020-01-15', 'activo'),
                                                                                                                                   (59, 'Energía Mini-Eólica en Fiyi', 'Instalación de aerogeneradores pequeños para comunidades costeras con vientos constantes.', 'Fiyi', 'Nueva Zelanda', 'internacional', -16.5781930, 179.4144130, '2022-05-10', 'activo'),
                                                                                                                                   (60, 'Gestión de Riesgo por Inundación en Vietnam', 'Sistemas informáticos de alerta temprana basados en sensores fluviales y mapas de riesgo satelital.', 'Vietnam', 'Japón', 'nacional', 14.0583240, 108.2771990, '2019-10-01', 'activo'),
                                                                                                                                   (61, 'Apoyo a la Educación Primaria en Angola', 'Impresión y distribución de libros de texto oficiales y capacitación de maestros de aula.', 'Angola', 'Portugal', 'internacional', -11.2026920, 17.8738870, '2016-02-18', 'finalizado'),
                                                                                                                                   (62, 'Desarrollo Textil en Guatemala', 'Modernización de telares tradicionales y vinculación comercial con mercados de exportación.', 'Guatemala', 'España', 'nacional', 15.7834710, -90.2307589, '2021-03-15', 'activo'),
                                                                                                                                   (63, 'Salud Mental Post-Conflicto en Colombia', 'Programas de atención terapéutica comunitaria y psicosocial para víctimas directas de la guerra.', 'Colombia', 'Suecia', 'nacional', 4.5708680, -74.2973330, '2018-07-20', 'finalizado'),
                                                                                                                                   (64, 'Conservación del Agua en México', 'Sistemas comunitarios de captación masiva de agua pluvial en escuelas áridas del norte del país.', 'México', 'Alemania', 'nacional', 23.6345010, -102.5527840, '2020-05-12', 'activo'),
                                                                                                                                   (65, 'Sistemas Agroforestales en Perú', 'Sustitución de cultivos extensivos por parcelas sostenibles combinadas de café, cacao y maderables.', 'Perú', 'Francia', 'nacional', -9.1899670, -75.0151520, '2021-09-01', 'activo'),
                                                                                                                                   (66, 'Nutrición Escolar en Bangladés', 'Suministro diario de desayunos fortificados a escuelas primarias de distritos rurales marginados.', 'Bangladés', 'PMA', 'internacional', 23.6849940, 90.3563310, '2019-01-20', 'activo'),
                                                                                                                                   (67, 'Electrificación Solar de Hospitales en Mozambique', 'Instalación de sistemas fotovoltaicos con baterías en centros de salud rurales aislados de la red.', 'Mozambique', 'Alemania', 'nacional', -18.6656950, 35.5295620, '2022-04-10', 'activo'),
                                                                                                                                   (68, 'Agua Potable en Comunidades de Fiyi', 'Perforación profunda de pozos comunitarios e instalación de bombas purificadoras de energía solar.', 'Fiyi', 'Australia', 'internacional', -16.5781930, 179.4144130, '2020-06-15', 'activo'),
                                                                                                                                   (69, 'Desarrollo de Software Educativo en Filipinas', 'Creación de software pedagógico interactivo adaptado a lenguas locales para tabletas de primaria.', 'Filipinas', 'Corea del Sur', 'internacional', 12.8797210, 121.7740170, '2021-07-18', 'activo'),
                                                                                                                                   (70, 'Prevención de la Malaria en Kenia', 'Distribución masiva de mosquiteros tratados con insecticida de larga duración y fumigación selectiva.', 'Kenia', 'Estados Unidos', 'nacional', -0.0235590, 37.9061930, '2018-04-05', 'finalizado'),
                                                                                                                                   (71, 'Gobernanza y Transparencia en Honduras', 'Digitalización de trámites municipales y portales ciudadanos abiertos para control de presupuestos.', 'Honduras', 'Estados Unidos', 'nacional', 15.1999990, -86.2419050, '2020-01-10', 'activo'),
                                                                                                                                   (72, 'Protección de Bosques en Ecuador', 'Pagos por servicios ambientales e incentivos económicos a comunidades que eviten la deforestación.', 'Ecuador', 'Alemania', 'nacional', -1.8312390, -78.1834060, '2019-11-15', 'activo'),
                                                                                                                                   (73, 'Acceso a la Educación Secundaria en Túnez', 'Construcción y equipamiento moderno de dormitorios seguros para niñas de zonas rurales lejanas.', 'Túnez', 'Francia', 'nacional', 33.8869170, 9.5374990, '2018-09-01', 'finalizado'),
                                                                                                                                   (74, 'Agricultura Resiliente en Indonesia', 'Formación de agricultores locales en sistemas agroecológicos flotantes adaptados a inundaciones recurrentes.', 'Indonesia', 'Japón', 'internacional', -0.7892750, 113.9213270, '2021-02-22', 'activo');

-- =====================================================================
-- 6. RELACIÓN: PROGRAMAS_ORGANIZACIONES
-- =====================================================================
INSERT INTO programas_organizaciones (id_programa, id_organizacion, rol, fecha_inicio_rol) VALUES
                                                                                               (1,8,'ejecutor','2019-01-15'),(1,15,'financiador','2019-01-15'),
                                                                                               (2,7,'financiador','2017-03-30'),(2,16,'financiador','2017-03-30'),
                                                                                               (3,9,'ejecutor','2021-05-12'),(3,2,'financiador','2021-05-12'),
                                                                                               (4,1,'financiador','2018-08-20'),(5,2,'financiador','2020-02-10'),
                                                                                               (6,2,'financiador','2019-11-14'),(7,1,'financiador','2022-03-15'),
                                                                                               (7,4,'ejecutor','2022-04-01'),(8,5,'ejecutor','2021-09-01'),
                                                                                               (8,7,'financiador','2021-09-01'),(9,2,'financiador','2020-06-20'),
                                                                                               (9,5,'ejecutor','2020-07-01'),(10,14,'financiador','2023-01-10'),
                                                                                               (11,1,'financiador','2019-04-12'),(11,12,'ejecutor','2019-05-01'),
                                                                                               (12,11,'ejecutor','2022-03-01'),(13,11,'ejecutor','2023-11-04'),
                                                                                               (14,8,'ejecutor','2021-02-22'),(15,3,'financiador','2016-05-18'),
                                                                                               (16,13,'financiador','2021-10-05'),(17,1,'financiador','2020-05-14'),
                                                                                               (18,19,'financiador','2019-08-11'),(19,2,'financiador','2021-01-20'),
                                                                                               (20,1,'financiador','2018-09-15'),(21,26,'financiador','2020-10-01'),
                                                                                               (22,3,'financiador','2017-04-05'),(23,25,'financiador','2021-07-19'),
                                                                                               (24,2,'financiador','2019-11-02'),(25,3,'financiador','2020-03-14'),
                                                                                               (26,1,'financiador','2021-02-15'),(27,26,'financiador','2016-11-12'),
                                                                                               (28,25,'financiador','2018-05-30'),(29,19,'financiador','2015-09-01'),
                                                                                               (30,3,'financiador','2019-06-25'),(31,25,'financiador','2020-01-10'),
                                                                                               (32,2,'financiador','2021-04-01'),(33,19,'financiador','2018-10-18'),
                                                                                               (34,26,'financiador','2017-07-22'),(35,2,'financiador','2019-03-12'),
                                                                                               (36,3,'financiador','2020-08-01'),(37,15,'financiador','2018-02-15'),
                                                                                               (38,1,'financiador','2021-06-01'),(39,9,'ejecutor','2020-09-20'),
                                                                                               (40,1,'financiador','2017-02-10'),(41,2,'financiador','2021-11-01'),
                                                                                               (42,1,'financiador','2019-05-18'),(43,2,'financiador','2020-08-22'),
                                                                                               (44,3,'financiador','2018-03-10'),(45,1,'financiador','2019-06-01'),
                                                                                               (46,2,'financiador','2021-02-15'),(47,23,'ejecutor','2020-10-12'),
                                                                                               (48,25,'financiador','2022-01-20'),(49,3,'financiador','2018-11-04'),
                                                                                               (50,18,'ejecutor','2019-07-15'),(51,2,'financiador','2021-05-18'),
                                                                                               (52,3,'financiador','2022-02-10'),(53,3,'financiador','2017-09-01'),
                                                                                               (54,1,'financiador','2020-04-12'),(55,2,'financiador','2021-08-25'),
                                                                                               (56,2,'financiador','2019-03-22'),(57,26,'financiador','2018-06-14'),
                                                                                               (58,15,'financiador','2020-01-15'),(59,19,'financiador','2022-05-10'),
                                                                                               (60,19,'financiador','2019-10-01'),(61,15,'financiador','2016-02-18'),
                                                                                               (62,1,'financiador','2021-03-15'),(63,27,'financiador','2018-07-20'),
                                                                                               (64,2,'financiador','2020-05-12'),(65,25,'financiador','2021-09-01'),
                                                                                               (66,21,'ejecutor','2019-01-20'),(67,2,'financiador','2022-04-10'),
                                                                                               (68,19,'financiador','2020-06-15'),(69,20,'financiador','2021-07-18'),
                                                                                               (70,3,'financiador','2018-04-05'),(71,3,'financiador','2020-01-10'),
                                                                                               (72,2,'financiador','2019-11-15'),(73,25,'financiador','2018-09-01'),
                                                                                               (74,19,'financiador','2021-02-22');

-- =====================================================================
-- 7. RELACIÓN: PROGRAMAS_CATEGORÍAS
-- =====================================================================
INSERT INTO programas_categorias (id_programa, id_categoria, principal) VALUES
                                                                            (1,8,1),(2,11,1),(3,10,1),(4,11,1),(5,4,1),(6,3,1),(7,1,1),(8,2,1),(9,3,1),(10,4,1),
                                                                            (11,6,1),(12,7,1),(13,7,1),(14,10,1),(15,7,1),(16,9,1),(17,5,1),(18,10,1),(19,2,1),(20,8,1),
                                                                            (21,1,1),(22,5,1),(23,4,1),(24,6,1),(25,4,1),(26,9,1),(27,6,1),(28,3,1),(29,3,1),(30,2,1),
                                                                            (31,1,1),(32,5,1),(33,11,1),(34,6,1),(35,4,1),(36,2,1),(37,5,1),(38,3,1),(39,4,1),(40,1,1),
                                                                            (41,5,1),(42,10,1),(43,4,1),(44,2,1),(45,6,1),(46,11,1),(47,8,1),(48,3,1),(49,10,1),(50,4,1),
                                                                            (51,3,1),(52,1,1),(53,2,1),(54,5,1),(55,9,1),(56,4,1),(57,2,1),(58,8,1),(59,11,1),(60,7,1),
                                                                            (61,1,1),(62,6,1),(63,2,1),(64,4,1),(65,4,1),(66,2,1),(67,11,1),(68,3,1),(69,9,1),(70,2,1),
                                                                            (71,5,1),(72,4,1),(73,1,1),(74,10,1);

-- =====================================================================
-- 8. INSERCION DE FINANCIAMIENTOS (74 bloques financieros individuales)
-- =====================================================================
INSERT INTO financiamientos (id, monto, moneda, anio, fuente) VALUES
                                                                  (1, 50000000.00, 'USD', 2019, 'Fondo de la Unión Europea - Spotlight'),
                                                                  (2, 120000000.00, 'USD', 2017, 'Fondo de Cofinanciación Banco Mundial'),
                                                                  (3, 15000000.00, 'EUR', 2021, 'Cooperación Alemana - BMZ'),
                                                                  (4, 3500000.00, 'EUR', 2018, 'AECID - Fondo Sostenible'),
                                                                  (5, 8000000.00, 'EUR', 2020, 'GIZ - Conservación de Bosques'),
                                                                  (6, 4500000.00, 'EUR', 2019, 'GIZ - Desarrollo Saneamiento'),
                                                                  (7, 2500000.00, 'EUR', 2022, 'AECID - Fondo de Cooperación'),
                                                                  (8, 3200000.00, 'CAD', 2021, 'Gobierno de Canadá'),
                                                                  (9, 4800000.00, 'EUR', 2020, 'BMZ - Alemania'),
                                                                  (10, 1800000.00, 'JPY', 2023, 'JICA - Japón'),
                                                                  (11, 1500000.00, 'EUR', 2019, 'AECID - Programa Mujeres'),
                                                                  (12, 10000000.00, 'EUR', 2022, 'Unión Europea - Ayuda Emergencia'),
                                                                  (13, 4200000.00, 'CAD', 2023, 'Gobierno de Canadá - Emergencia'),
                                                                  (14, 1900000.00, 'EUR', 2021, 'Gobierno de Países Bajos - AgroClima'),
                                                                  (15, 6200000.00, 'USD', 2016, 'USAID - Refugiados'),
                                                                  (16, 2800000.00, 'USD', 2021, 'Microsoft Philanthropies Global'),
                                                                  (17, 1200000.00, 'EUR', 2020, 'AECID Transparencia'),
                                                                  (18, 4500000.00, 'JPY', 2019, 'JICA Sector Agrícola'),
                                                                  (19, 3100000.00, 'EUR', 2021, 'BMZ Salud Fronteras'),
                                                                  (20, 950000.00, 'EUR', 2018, 'AECID Derechos Humanos'),
                                                                  (21, 2300000.00, 'CAD', 2020, 'GAC Educación África'),
                                                                  (22, 5000000.00, 'USD', 2017, 'USAID Merida Iniciativa'),
                                                                  (23, 6400000.00, 'EUR', 2021, 'AFD Infraestructura Verde'),
                                                                  (24, 3800000.00, 'EUR', 2019, 'GIZ Empleo Juvenil'),
                                                                  (25, 7200000.00, 'USD', 2020, 'USAID Océanos Limpios'),
                                                                  (26, 1400000.00, 'EUR', 2021, 'AECID Aula Digital'),
                                                                  (27, 8500000.00, 'GBP', 2016, 'DFID Women Cooperatives'),
                                                                  (28, 5100000.00, 'EUR', 2018, 'AFD Gestión Hídrica'),
                                                                  (29, 12000000.00, 'JPY', 2015, 'JICA Post-Earthquake'),
                                                                  (30, 4300000.00, 'USD', 2019, 'USAID Malaria Control'),
                                                                  (31, 2900000.00, 'EUR', 2020, 'AFD Formación Técnica'),
                                                                  (32, 1600000.00, 'EUR', 2021, 'GIZ Paz y Gobernanza'),
                                                                  (33, 5400000.00, 'JPY', 2018, 'JICA Rural Energy'),
                                                                  (34, 6100000.00, 'GBP', 2017, 'DFID Financial Inclusion'),
                                                                  (35, 2200000.00, 'EUR', 2019, 'GIZ Cuencas Hidro'),
                                                                  (36, 4900000.00, 'USD', 2020, 'USAID Food Security'),
                                                                  (37, 3300000.00, 'EUR', 2018, 'UE Apoyo Electoral'),
                                                                  (38, 1750000.00, 'EUR', 2021, 'AECID Agua Local'),
                                                                  (39, 2100000.00, 'EUR', 2020, 'Países Bajos Eco-Sostenible'),
                                                                  (40, 1100000.00, 'EUR', 2017, 'AECID Educación Bilingüe'),
                                                                  (41, 1300000.00, 'EUR', 2021, 'GIZ Registro Unificado'),
                                                                  (42, 800000.00, 'EUR', 2019, 'AECID Desarrollo Rural'),
                                                                  (43, 2400000.00, 'EUR', 2020, 'GIZ Economía Circular'),
                                                                  (44, 3200000.00, 'USD', 2018, 'USAID Health Services'),
                                                                  (45, 1150000.00, 'EUR', 2019, 'AECID Turismo Sostenible'),
                                                                  (46, 1950000.00, 'EUR', 2021, 'GIZ Biogás Rural'),
                                                                  (47, 2600000.00, 'CAD', 2020, 'Canadá Infancia Segura'),
                                                                  (48, 4100000.00, 'EUR', 2022, 'AFD Reconstrucción Colectiva'),
                                                                  (49, 3600000.00, 'USD', 2018, 'USAID Tech Agro'),
                                                                  (50, 2700000.00, 'USD', 2019, 'USAID Biodiversidad Global'),
                                                                  (51, 4800000.00, 'EUR', 2021, 'GIZ Clima Extremo'),
                                                                  (52, 3900000.00, 'USD', 2022, 'USAID STEM Schools'),
                                                                  (53, 9300000.00, 'USD', 2017, 'PEPFAR USAID Medical'),
                                                                  (54, 1500000.00, 'EUR', 2020, 'AECID Cuencas Ríos'),
                                                                  (55, 2300000.00, 'EUR', 2021, 'GIZ Digital Women'),
                                                                  (56, 3400000.00, 'EUR', 2019, 'Países Bajos Restauración Suelos'),
                                                                  (57, 4200000.00, 'GBP', 2018, 'DFID Logistics Health'),
                                                                  (58, 5500000.00, 'EUR', 2020, 'UE Frontera Humana'),
                                                                  (59, 1800000.00, 'NZD', 2022, 'MFAT Wind Energy'),
                                                                  (60, 4600000.00, 'JPY', 2019, 'JICA Alerta Temprana'),
                                                                  (61, 3100000.00, 'EUR', 2016, 'Portugal Cooperación Angola'),
                                                                  (62, 1250000.00, 'EUR', 2021, 'AECID Tejidos Mayas'),
                                                                  (63, 2800000.00, 'SEK', 2018, 'Sida Post-Conflict Support'),
                                                                  (64, 1900000.00, 'EUR', 2020, 'GIZ Lluvia Captación'),
                                                                  (65, 3700000.00, 'EUR', 2021, 'AFD Agroforestería'),
                                                                  (66, 5000000.00, 'USD', 2019, 'WFP School Meals'),
                                                                  (67, 4400000.00, 'EUR', 2022, 'GIZ Solar Hospitals'),
                                                                  (68, 2900000.00, 'AUD', 2020, 'DFAT Water Access'),
                                                                  (69, 2100000.00, 'KRW', 2021, 'KOICA Soft E-learning'),
                                                                  (70, 6700000.00, 'USD', 2018, 'USAID Malaria Kenia'),
                                                                  (71, 3400000.00, 'USD', 2020, 'USAID Open Data'),
                                                                  (72, 4000000.00, 'EUR', 2019, 'GIZ Socio Bosque'),
                                                                  (73, 5200000.00, 'EUR', 2018, 'AFD Ecoles Filles'),
                                                                  (74, 3800000.00, 'JPY', 2021, 'JICA Eco Floating');

-- =====================================================================
-- 9. INSERCIÓN DE EVALUACIONES (Para los proyectos evaluados)
-- =====================================================================
INSERT INTO evaluaciones (id, fecha_evaluacion, impacto, cobertura, observaciones) VALUES
                                                                                       (1, '2023-05-15', 85.00, 45000, 'Reducción notable en reportes de violencia de género en zonas objetivo.'),
                                                                                       (2, '2024-01-10', 90.50, 150000, 'Conexión exitosa a la red e incremento del suministro eléctrico.'),
                                                                                       (3, '2023-08-22', 76.00, 80000, 'Estabilización en el suministro de agua y control de desnutrición.'),
                                                                                       (4, '2022-11-05', 94.00, 12000, 'Acceso a electricidad continua para más de 3000 hogares rurales.'),
                                                                                       (5, '2023-12-01', 81.20, 50000, 'Disminución verificada de la tala ilegal en comunidades indígenas.'),
                                                                                       (6, '2023-06-15', 78.50, 12500, 'Alta aceptación comunitaria, mejora en tasas de matrícula escolar.'),
                                                                                       (7, '2023-03-20', 82.30, 8900, 'Reducción del 35% en desnutrición infantil en zonas atendidas.'),
                                                                                       (8, '2022-12-10', 71.00, 15400, 'Acceso a agua segura para 24 comunidades rurales.'),
                                                                                       (9, '2024-02-08', 65.40, 3200, 'Cobertura energética del 92% en islas atendidas.'),
                                                                                       (10, '2023-09-25', 88.20, 6700, 'Incremento del 45% en ingresos promedio de beneficiarias.'),
                                                                                       (20, '2022-04-18', 75.00, 1500, 'Formación y asesoría legal completada en comunidades étnicas.'),
                                                                                       (22, '2021-10-15', 82.00, 34000, 'Disminución del 18% en tasas de delincuencia juvenil urbana.'),
                                                                                       (29, '2020-03-12', 91.00, 45000, 'Infraestructuras críticas totalmente operativas y seguras.'),
                                                                                       (33, '2023-11-14', 89.50, 8500, 'Suministro constante y libre de apagones en zonas apartadas.'),
                                                                                       (40, '2021-08-19', 86.00, 22000, 'Aumento significativo del bilingüismo activo en el aula.'),
                                                                                       (44, '2022-05-20', 95.00, 14000, 'Éxito rotundo en la recuperación de visión de los pacientes.'),
                                                                                       (49, '2022-12-10', 79.00, 6000, 'Mejora progresiva en rendimiento de cultivos locales.'),
                                                                                       (53, '2022-07-01', 88.00, 110000, 'Disminución drástica en nuevos contagios verticales maternales.'),
                                                                                       (61, '2021-02-14', 73.00, 55000, 'Dotación total de materiales básicos lograda.'),
                                                                                       (63, '2023-05-30', 84.00, 9500, 'Reinserción y estabilidad emocional comunitaria positiva.'),
                                                                                       (70, '2022-09-12', 92.00, 230000, 'Incidencia de la malaria reducida a la mitad en distritos piloto.'),
                                                                                       (73, '2023-07-25', 87.50, 4100, 'Retención de niñas en secundaria incrementada al 90%.');

-- =====================================================================
-- 10. MAPEO DE TABLAS RELACIONALES INTERMEDIAS
-- =====================================================================
INSERT INTO programas_financiamientos (id_programa, id_financiamiento) VALUES
                                                                           (1,1),(2,2),(3,3),(4,4),(5,5),(6,6),(7,7),(8,8),(9,9),(10,10),
                                                                           (11,11),(12,12),(13,13),(14,14),(15,15),(16,16),(17,17),(18,18),(19,19),(20,20),
                                                                           (21,21),(22,22),(23,23),(24,24),(25,25),(26,26),(27,27),(28,28),(29,29),(30,30),
                                                                           (31,31),(32,32),(33,33),(34,34),(35,35),(36,36),(37,37),(38,38),(39,39),(40,40),
                                                                           (41,41),(42,42),(43,43),(44,44),(45,45),(46,46),(47,47),(48,48),(49,49),(50,50),
                                                                           (51,51),(52,52),(53,53),(54,54),(55,55),(56,56),(57,57),(58,58),(59,59),(60,60),
                                                                           (61,61),(62,62),(63,63),(64,64),(65,65),(66,66),(67,67),(68,68),(69,69),(70,70),
                                                                           (71,71),(72,72),(73,73),(74,74);

INSERT INTO programas_evaluaciones (id_programa, id_evaluacion) VALUES
                                                                    (1,1),(2,2),(3,3),(4,4),(5,5),(7,6),(8,7),(9,8),(10,9),(11,10),
                                                                    (20,20),(22,22),(29,29),(33,33),(40,40),(44,44),(49,49),(53,53),(61,61),(63,63),(70,70),(73,73);